{
  "cli": {
    "version": ">= 3.6.1"
  },
  "build": {
    "development": {
      "channel": "development",
      "developmentClient": true,
      "distribution": "internal",
      "android": {
        "gradleCommand": ":app:assembleDebug",
        "buildType": "apk"
      },
      "ios": {
        "buildConfiguration": "Debug",
        "resourceClass": "m1-medium"
      }
    },
    "walsup": {
      "channel": "walsup",
      "distribution": "internal",
      "ios": {
        "resourceClass": "m1-medium"
      },
      "android": {
        "buildType": "apk"
      }
    },
    "preview2": {
      "channel": "preview2",
      "distribution": "internal",
      "ios": {
        "resourceClass": "m1-medium"
      },
      "android": {
        "buildType": "apk"
      }
    },
    "production": {
      "ios": {
        "resourceClass": "m1-medium"
      },
      "channel": "production"
    }
  },
  "submit": {
    "production": {}
  }
}
