{
  "project_info": {
    "project_number": "281609768173",
    "firebase_url": "https://walsup-4b132-default-rtdb.europe-west1.firebasedatabase.app",
    "project_id": "walsup-4b132",
    "storage_bucket": "walsup-4b132.appspot.com"
  },
  "client": [
    {
      "client_info": {
        "mobilesdk_app_id": "1:281609768173:android:e0b6111cfd0b64b7ff50e4",
        "android_client_info": {
          "package_name": "com.walsup.walsup"
        }
      },
      "oauth_client": [
        {
          "client_id": "281609768173-ir6ddnlq35iftn18qo410mq8ftvbtr5q.apps.googleusercontent.com",
          "client_type": 1,
          "android_info": {
            "package_name": "com.walsup.walsup",
            "certificate_hash": "4773f1b66c9e5c4d235ebbbfff30381d138b768b"
          }
        },
        {
          "client_id": "281609768173-n20p5gk935nie2tl89jg2bb4kl3vu3q5.apps.googleusercontent.com",
          "client_type": 3
        }
      ],
      "api_key": [
        {
          "current_key": "AIzaSyDPqT17YD6CixfFveFQ7JvXvAshQGyfm2Y"
        }
      ],
      "services": {
        "appinvite_service": {
          "other_platform_oauth_client": [
            {
              "client_id": "281609768173-e8bf5i4snag9knasj2ualni7coe60pc4.apps.googleusercontent.com",
              "client_type": 3
            }
          ]
        }
      }
    }
  ],
  "configuration_version": "1"
}
